Network 1,Network 2,Carbon Source 1,Carbon Source 2,Concentration of CS1,KO Bound Source 1 on Network 1,KO Bound Source 2 on Network 1,KO Strain Index,Value,Trial #
senterica_EX_glc__D_e_KO_-10,ecolik12_EX_cit_e_KO_-10,EX_glc__D_e,EX_cit_e,0.005,-10,-10,1,senterica_EX_glc__D_e_KO_-10,1
ecolik12_EX_glc__D_e_KO_-10,senterica_EX_cit_e_KO_-10,EX_glc__D_e,EX_cit_e,0.005,-10,-10,1,senterica_EX_cit_e_KO_-10,3
senterica_EX_glc__D_e_KO_-9,ecolik12_EX_cit_e_KO_-9,EX_glc__D_e,EX_cit_e,0.005,-9,-10,1,senterica_EX_glc__D_e_KO_-9,5
ecolik12_EX_glc__D_e_KO_-9,senterica_EX_cit_e_KO_-9,EX_glc__D_e,EX_cit_e,0.005,-10,-9,1,senterica_EX_cit_e_KO_-9,7
ecolik12_EX_glc__D_e_KO_-9,senterica_EX_cit_e_KO_-9,EX_glc__D_e,EX_cit_e,0.05,-10,-9,1,senterica_EX_cit_e_KO_-9,8
senterica_EX_glc__D_e_KO_-8,ecolik12_EX_cit_e_KO_-8,EX_glc__D_e,EX_cit_e,0.005,-8,-10,1,senterica_EX_glc__D_e_KO_-8,9
senterica_EX_glc__D_e_KO_-8,ecolik12_EX_cit_e_KO_-8,EX_glc__D_e,EX_cit_e,0.05,-8,-10,1,senterica_EX_glc__D_e_KO_-8,10
ecolik12_EX_glc__D_e_KO_-8,senterica_EX_cit_e_KO_-8,EX_glc__D_e,EX_cit_e,0.005,-10,-8,1,senterica_EX_cit_e_KO_-8,11
senterica_EX_glc__D_e_KO_-7,ecolik12_EX_cit_e_KO_-7,EX_glc__D_e,EX_cit_e,0.05,-7,-10,1,senterica_EX_glc__D_e_KO_-7,14
ecolik12_EX_glc__D_e_KO_-7,senterica_EX_cit_e_KO_-7,EX_glc__D_e,EX_cit_e,0.005,-10,-7,1,senterica_EX_cit_e_KO_-7,15
ecolik12_EX_glc__D_e_KO_-7,senterica_EX_cit_e_KO_-7,EX_glc__D_e,EX_cit_e,0.05,-10,-7,1,senterica_EX_cit_e_KO_-7,16
senterica_EX_glc__D_e_KO_-6,ecolik12_EX_cit_e_KO_-6,EX_glc__D_e,EX_cit_e,0.005,-6,-10,1,senterica_EX_glc__D_e_KO_-6,17
senterica_EX_glc__D_e_KO_-6,ecolik12_EX_cit_e_KO_-6,EX_glc__D_e,EX_cit_e,0.05,-6,-10,1,senterica_EX_glc__D_e_KO_-6,18
ecolik12_EX_glc__D_e_KO_-6,senterica_EX_cit_e_KO_-6,EX_glc__D_e,EX_cit_e,0.005,-10,-6,1,senterica_EX_cit_e_KO_-6,19
ecolik12_EX_glc__D_e_KO_-6,senterica_EX_cit_e_KO_-6,EX_glc__D_e,EX_cit_e,0.05,-10,-6,1,senterica_EX_cit_e_KO_-6,20
senterica_EX_glc__D_e_KO_-5,ecolik12_EX_cit_e_KO_-5,EX_glc__D_e,EX_cit_e,0.005,-5,-10,1,senterica_EX_glc__D_e_KO_-5,21
senterica_EX_glc__D_e_KO_-5,ecolik12_EX_cit_e_KO_-5,EX_glc__D_e,EX_cit_e,0.05,-5,-10,1,senterica_EX_glc__D_e_KO_-5,22
ecolik12_EX_glc__D_e_KO_-5,senterica_EX_cit_e_KO_-5,EX_glc__D_e,EX_cit_e,0.005,-10,-5,1,senterica_EX_cit_e_KO_-5,23
ecolik12_EX_glc__D_e_KO_-5,senterica_EX_cit_e_KO_-5,EX_glc__D_e,EX_cit_e,0.05,-10,-5,1,senterica_EX_cit_e_KO_-5,24
senterica_EX_glc__D_e_KO_-4,ecolik12_EX_cit_e_KO_-4,EX_glc__D_e,EX_cit_e,0.005,-4,-10,1,senterica_EX_glc__D_e_KO_-4,25
senterica_EX_glc__D_e_KO_-4,ecolik12_EX_cit_e_KO_-4,EX_glc__D_e,EX_cit_e,0.05,-4,-10,1,senterica_EX_glc__D_e_KO_-4,26
ecolik12_EX_glc__D_e_KO_-4,senterica_EX_cit_e_KO_-4,EX_glc__D_e,EX_cit_e,0.005,-10,-4,1,senterica_EX_cit_e_KO_-4,27
ecolik12_EX_glc__D_e_KO_-4,senterica_EX_cit_e_KO_-4,EX_glc__D_e,EX_cit_e,0.05,-10,-4,1,senterica_EX_cit_e_KO_-4,28
senterica_EX_glc__D_e_KO_-3,ecolik12_EX_cit_e_KO_-3,EX_glc__D_e,EX_cit_e,0.005,-3,-10,1,senterica_EX_glc__D_e_KO_-3,29
senterica_EX_glc__D_e_KO_-3,ecolik12_EX_cit_e_KO_-3,EX_glc__D_e,EX_cit_e,0.05,-3,-10,1,senterica_EX_glc__D_e_KO_-3,30
ecolik12_EX_glc__D_e_KO_-3,senterica_EX_cit_e_KO_-3,EX_glc__D_e,EX_cit_e,0.005,-10,-3,1,senterica_EX_cit_e_KO_-3,31
senterica_EX_glc__D_e_KO_-2,ecolik12_EX_cit_e_KO_-2,EX_glc__D_e,EX_cit_e,0.005,-2,-10,1,senterica_EX_glc__D_e_KO_-2,33
senterica_EX_glc__D_e_KO_-2,ecolik12_EX_cit_e_KO_-2,EX_glc__D_e,EX_cit_e,0.05,-2,-10,1,senterica_EX_glc__D_e_KO_-2,34
ecolik12_EX_glc__D_e_KO_-2,senterica_EX_cit_e_KO_-2,EX_glc__D_e,EX_cit_e,0.005,-10,-2,1,senterica_EX_cit_e_KO_-2,35
senterica_EX_glc__D_e_KO_-1,ecolik12_EX_cit_e_KO_-1,EX_glc__D_e,EX_cit_e,0.005,-1,-10,1,senterica_EX_glc__D_e_KO_-1,37
ecolik12_EX_glc__D_e_KO_-1,senterica_EX_cit_e_KO_-1,EX_glc__D_e,EX_cit_e,0.005,-10,-1,1,senterica_EX_cit_e_KO_-1,39
senterica_EX_glc__D_e_KO_0,ecolik12_EX_cit_e_KO_0,EX_glc__D_e,EX_cit_e,0.005,0,-10,1,senterica_EX_glc__D_e_KO_0,41
senterica_EX_glc__D_e_KO_0,ecolik12_EX_cit_e_KO_0,EX_glc__D_e,EX_cit_e,0.05,0,-10,1,senterica_EX_glc__D_e_KO_0,42
ecolik12_EX_glc__D_e_KO_0,senterica_EX_cit_e_KO_0,EX_glc__D_e,EX_cit_e,0.005,-10,0,1,senterica_EX_cit_e_KO_0,43
ecolik12_EX_glc__D_e_KO_0,senterica_EX_cit_e_KO_0,EX_glc__D_e,EX_cit_e,0.05,-10,0,1,senterica_EX_cit_e_KO_0,44
