Network 1,Network 2,Carbon Source 1,Carbon Source 2,Concentration of CS1,KO Bound Source 1 on S. enterica,KO Bound Source 2 on S. enterica,KO Strain Index,Value,Trial #
senterica_EX_glc__D_e_KO_-10,ecolik12_EX_cit_e_KO_-10,EX_glc__D_e,EX_cit_e,0.005,-10,-10,1,-2.233995266,1
ecolik12_EX_glc__D_e_KO_-10,senterica_EX_cit_e_KO_-10,EX_glc__D_e,EX_cit_e,0.005,-10,-10,1,-2.233995266,3
senterica_EX_glc__D_e_KO_-9,ecolik12_EX_cit_e_KO_-9,EX_glc__D_e,EX_cit_e,0.005,-9,-10,1,-2.083106562,5
ecolik12_EX_glc__D_e_KO_-9,senterica_EX_cit_e_KO_-9,EX_glc__D_e,EX_cit_e,0.005,-10,-9,1,-2.238253101,7
ecolik12_EX_glc__D_e_KO_-9,senterica_EX_cit_e_KO_-9,EX_glc__D_e,EX_cit_e,0.05,-10,-9,1,-1.383181581,8
senterica_EX_glc__D_e_KO_-8,ecolik12_EX_cit_e_KO_-8,EX_glc__D_e,EX_cit_e,0.005,-8,-10,1,-2.075896536,9
senterica_EX_glc__D_e_KO_-8,ecolik12_EX_cit_e_KO_-8,EX_glc__D_e,EX_cit_e,0.05,-8,-10,1,-1.355170512,10
ecolik12_EX_glc__D_e_KO_-8,senterica_EX_cit_e_KO_-8,EX_glc__D_e,EX_cit_e,0.005,-10,-8,1,-2.242534155,11
senterica_EX_glc__D_e_KO_-7,ecolik12_EX_cit_e_KO_-7,EX_glc__D_e,EX_cit_e,0.05,-7,-10,1,-1.199351612,14
ecolik12_EX_glc__D_e_KO_-7,senterica_EX_cit_e_KO_-7,EX_glc__D_e,EX_cit_e,0.005,-10,-7,1,-2.246836152,15
ecolik12_EX_glc__D_e_KO_-7,senterica_EX_cit_e_KO_-7,EX_glc__D_e,EX_cit_e,0.05,-10,-7,1,-1.403220804,16
senterica_EX_glc__D_e_KO_-6,ecolik12_EX_cit_e_KO_-6,EX_glc__D_e,EX_cit_e,0.005,-6,-10,1,-1.915789207,17
senterica_EX_glc__D_e_KO_-6,ecolik12_EX_cit_e_KO_-6,EX_glc__D_e,EX_cit_e,0.05,-6,-10,1,-1.190058199,18
ecolik12_EX_glc__D_e_KO_-6,senterica_EX_cit_e_KO_-6,EX_glc__D_e,EX_cit_e,0.005,-10,-6,1,-2.251135454,19
ecolik12_EX_glc__D_e_KO_-6,senterica_EX_cit_e_KO_-6,EX_glc__D_e,EX_cit_e,0.05,-10,-6,1,-1.413259375,20
senterica_EX_glc__D_e_KO_-5,ecolik12_EX_cit_e_KO_-5,EX_glc__D_e,EX_cit_e,0.005,-5,-10,1,-1.908062044,21
senterica_EX_glc__D_e_KO_-5,ecolik12_EX_cit_e_KO_-5,EX_glc__D_e,EX_cit_e,0.05,-5,-10,1,-1.03286397,22
ecolik12_EX_glc__D_e_KO_-5,senterica_EX_cit_e_KO_-5,EX_glc__D_e,EX_cit_e,0.005,-10,-5,1,-2.255421214,23
ecolik12_EX_glc__D_e_KO_-5,senterica_EX_cit_e_KO_-5,EX_glc__D_e,EX_cit_e,0.05,-10,-5,1,-1.423284195,24
senterica_EX_glc__D_e_KO_-4,ecolik12_EX_cit_e_KO_-4,EX_glc__D_e,EX_cit_e,0.005,-4,-10,1,-1.930451396,25
senterica_EX_glc__D_e_KO_-4,ecolik12_EX_cit_e_KO_-4,EX_glc__D_e,EX_cit_e,0.05,-4,-10,1,-1.023441071,26
ecolik12_EX_glc__D_e_KO_-4,senterica_EX_cit_e_KO_-4,EX_glc__D_e,EX_cit_e,0.005,-10,-4,1,-2.259717062,27
ecolik12_EX_glc__D_e_KO_-4,senterica_EX_cit_e_KO_-4,EX_glc__D_e,EX_cit_e,0.05,-10,-4,1,-1.433339366,28
senterica_EX_glc__D_e_KO_-3,ecolik12_EX_cit_e_KO_-3,EX_glc__D_e,EX_cit_e,0.005,-3,-10,1,-1.775130955,29
senterica_EX_glc__D_e_KO_-3,ecolik12_EX_cit_e_KO_-3,EX_glc__D_e,EX_cit_e,0.05,-3,-10,1,-0.865324207,30
ecolik12_EX_glc__D_e_KO_-3,senterica_EX_cit_e_KO_-3,EX_glc__D_e,EX_cit_e,0.005,-10,-3,1,-2.438095485,31
senterica_EX_glc__D_e_KO_-2,ecolik12_EX_cit_e_KO_-2,EX_glc__D_e,EX_cit_e,0.005,-2,-10,1,-1.618848217,33
senterica_EX_glc__D_e_KO_-2,ecolik12_EX_cit_e_KO_-2,EX_glc__D_e,EX_cit_e,0.05,-2,-10,1,-0.883001332,34
ecolik12_EX_glc__D_e_KO_-2,senterica_EX_cit_e_KO_-2,EX_glc__D_e,EX_cit_e,0.005,-10,-2,1,-2.442022175,35
senterica_EX_glc__D_e_KO_-1,ecolik12_EX_cit_e_KO_-1,EX_glc__D_e,EX_cit_e,0.005,-1,-10,1,-1.46166361,37
ecolik12_EX_glc__D_e_KO_-1,senterica_EX_cit_e_KO_-1,EX_glc__D_e,EX_cit_e,0.005,-10,-1,1,-2.445750802,39
senterica_EX_glc__D_e_KO_0,ecolik12_EX_cit_e_KO_0,EX_glc__D_e,EX_cit_e,0.005,0,-10,1,-0.858043228,41
senterica_EX_glc__D_e_KO_0,ecolik12_EX_cit_e_KO_0,EX_glc__D_e,EX_cit_e,0.05,0,-10,1,-0.858039947,42
ecolik12_EX_glc__D_e_KO_0,senterica_EX_cit_e_KO_0,EX_glc__D_e,EX_cit_e,0.005,-10,0,1,-1.02905329,43
ecolik12_EX_glc__D_e_KO_0,senterica_EX_cit_e_KO_0,EX_glc__D_e,EX_cit_e,0.05,-10,0,1,-1.047607246,44